{"cameraMode":{"drawMode":0,"name":"Shaded","section":"Shading Mode"},"sceneLighting":true,"audioPlay":false,"sceneViewState":{"showFog":true,"showMaterialUpdate":false,"showSkybox":true,"showFlares":true,"showImageEffects":true,"showParticleSystems":true},"in2DMode":false,"pivot":{"x":2.777015209197998,"y":1.3381521701812745,"z":-2.954671859741211},"rotation":{"x":0.20302988588809968,"y":-0.15205232799053193,"z":0.031932540237903598,"w":0.9667713642120361},"size":4.637925148010254,"orthographic":true}